ticker,sector,revenue_growth,net_income_growth,roe,net_margin,operating_margin,debt_to_equity,current_ratio,volatility_risk,total_assets,total_revenue,free_cash_flow,pe_ratio
MMM,Industrials,-0.0014221861032100772,1.5965689778413152,0.72920996,0.137,0.24367,281.904,1.842,1.152,39868000000.0,24575000000.0,638000000.0,26.808613
AOS,Industrials,-0.009006436877076411,-0.04132231404958678,0.28209,0.13851,0.18631001,12.063,1.544,1.336,3240000000.0,3818100000.0,473800000.0,17.547169
ABT,Healthcare,0.04589992271061358,1.3417787873492923,0.3062,0.3188,0.19395,25.31,1.703,0.719,81414000000.0,41950000000.0,6351000000.0,16.094221
ABBV,Healthcare,0.03711476858499945,-0.1202961135101789,1.37961,0.04004,0.35497,,0.725,0.352,135161000000.0,56334000000.0,17832000000.0,178.99998
ACN,Technology,0.07360205326441206,0.056938489731357574,0.25509,0.11021,0.1522,25.38,1.42,1.262,65394897000.0,69672977000.0,10874360000.0,20.74547
ADBE,Technology,0.10799113813179453,0.02431834929992631,0.52875,0.30012,0.36289,56.542,1.019,1.536,30230000000.0,21505000000.0,7873000000.0,20.198755
AMD,Technology,0.13690476190476192,0.9215456674473068,0.05317,0.10323,0.13736,6.366,2.308,1.913,69226000000.0,25785000000.0,2405000000.0,106.13542
AES,Utilities,-0.030786233028102305,5.742971887550201,0.05106,0.0874,0.20501,302.896,0.723,1.003,47406000000.0,12278000000.0,-4640000000.0,9.046053
AFL,Financial Services,0.015232737115864339,0.1682764541747156,0.1558,0.23552,0.4327,50.003,1.089,0.66,117566000000.0,19128000000.0,,14.583443
A,Healthcare,-0.047270598565783695,0.03951612903225806,0.19881001,0.17973,0.23188,56.421,2.248,1.279,11846000000.0,6510000000.0,1373000000.0,35.338783
ABNB,Consumer Cyclical,0.11949178178884744,-0.44741235392320533,0.30776,0.2203,0.39683,26.458,1.392,1.112,20959000000.0,11102000000.0,,27.204763
AKAM,Technology,0.04702302251883565,-0.07799258256958634,0.10642,0.12262999,0.15743,110.548,2.281,0.701,10368785000.0,3991168000.0,833904000.0,26.10264
ALGN,Healthcare,0.03540724860573861,-0.053231862272583266,0.095769994,0.095010005,0.15673,3.064,1.289,1.868,6214600000.0,3999012000.0,622651000.0,27.627907
ALLE,Industrials,0.03325298564698148,0.10566247224278312,0.36411,0.16092,0.21856001,116.084,1.771,1.043,4487800000.0,3772200000.0,582900000.0,22.039242
LNT,Utilities,-0.011422895455674199,-0.01849217638691323,0.11461,0.19139,0.28843,163.145,0.825,0.658,22714000000.0,3981000000.0,-57000000.0,21.468552
ALL,Financial Services,0.12235161068014348,25.824468085106382,0.34469002,0.12533,0.24439,29.43,0.426,0.258,111617000000.0,63515000000.0,8721000000.0,6.9494166
GOOGL,Communication Services,0.13866243322901553,0.3567043837658378,0.3545,0.32233003,0.30512,11.424,1.747,1.082,450256000000.0,350018000000.0,72764000000.0,29.581442
GOOG,Communication Services,0.13866243322901553,0.3567043837658378,0.3545,0.32233003,0.30512,11.424,1.747,1.082,450256000000.0,350018000000.0,72764000000.0,29.580454
MO,Consumer Defensive,-0.0028289922934347867,0.3854858548585486,,0.4398,0.62826,,0.618,0.504,35177000000.0,20444000000.0,8611000000.0,11.104962
AMZN,Consumer Cyclical,0.10990892246666145,0.9473459326211997,0.24327,0.11063,0.11057,43.405,1.009,1.368,624894000000.0,637959000000.0,32878000000.0,31.170904
AMCR,Consumer Cyclical,0.10036656891495602,-0.3,0.07467,0.03345,0.0933,134.68,1.042,0.689,37066000000.0,15009000000.0,810000000.0,28.333332
AEE,Utilities,0.0164,0.026041666666666668,0.11387,0.1634,0.34,155.736,0.93,0.585,44598000000.0,7623000000.0,-1647000000.0,20.101923
AEP,Utilities,0.03893100414596756,0.34373443231737694,0.12923001,0.17228001,0.25885,152.132,0.686,0.601,103078000000.0,19721300000.0,-966300000.0,17.692533
AXP,Financial Services,0.08979591836734693,0.20957726295677095,0.33935001,0.16143999,0.22052999,185.273,1.602,1.147,271461000000.0,65949000000.0,12139000000.0,23.699799
AIG,Financial Services,-0.0246432275832469,-1.385396651111721,0.07688,0.120170005,0.15235,22.48,0.617,0.622,161322000000.0,27270000000.0,,13.66187
AMT,Real Estate,0.011485987095743192,0.5202588822220724,0.28839,0.28106,0.45477,418.09,0.59,0.917,61077400000.0,10127200000.0,3700500000.0,28.637959
AWK,Utilities,0.10628247520075579,0.11334745762711865,0.10457,0.21933001,0.42591,140.983,0.421,0.753,32830000000.0,4684000000.0,-963000000.0,23.328648
AMP,Financial Services,0.11129707112970712,0.3305946791862285,0.59589,0.19586,0.37298,54.222,2.433,1.263,181403000000.0,17264000000.0,6419000000.0,12.315906
AME,Industrials,0.052180174171397385,0.04792611568183687,0.14632,0.20502001,0.25787002,26.09,1.155,1.045,14631169000.0,6941180000.0,1701773000.0,30.760252
AMGN,Healthcare,0.18566867683575736,-0.3910972160190561,0.8171,0.19474001,0.34153,567.491,1.28,0.461,91839000000.0,33424000000.0,10394000000.0,26.105183
APH,Technology,0.21251005599496603,0.2572614107883817,0.34807998,0.18218,0.27481002,63.99,2.07,1.194,21440200000.0,15222700000.0,2149300000.0,43.86667
ADI,Technology,-0.23390946142220995,-0.50664232169455,0.05652,0.18847999,0.28551,25.541,2.324,1.05,48228277000.0,9427157000.0,3122066000.0,59.114506
AON,Financial Services,0.1735944976076555,0.035101404056162244,0.3769,0.15962,0.20365,214.88,1.058,0.837,48965000000.0,15698000000.0,2817000000.0,27.69864
APA,Energy,0.17610822563111486,-0.7183887915936953,0.27427998,0.16093999,0.27281,66.895,0.775,0.763,19390000000.0,9737000000.0,709000000.0,5.7296653
APO,Financial Services,-0.20003676020095576,-0.09312462849217357,0.16549,0.15777001,0.29920998,94.598,1.986,1.61,377895000000.0,26114000000.0,,18.925766
AAPL,Technology,0.0642551178283274,0.19495177946573355,1.7142199,0.26915002,0.31647,152.411,0.893,1.109,359241000000.0,416161000000.0,98767000000.0,36.344044
AMAT,Technology,,,0.35508,0.24669,0.27838,32.109,2.61,1.674,34409000000.0,,7487000000.0,25.836794
APTV,Consumer Cyclical,-0.01685701461273752,-0.39176310415248466,0.03294,0.01464,0.114350006,85.425,1.793,1.514,23458000000.0,19713000000.0,1616000000.0,56.15909
ACGL,Financial Services,0.27321952320072196,-0.029484582489309026,0.17811,0.20959,0.30691,11.501,0.564,0.453,70906000000.0,16930000000.0,6622000000.0,8.665417
ADM,Consumer Defensive,-0.08947676584872519,-0.48320413436692505,0.05242,0.01429,0.01949,40.467,1.372,0.686,53271000000.0,85530000000.0,1227000000.0,23.833334
ANET,Technology,0.19504184862959562,0.36637057740520024,0.31736,0.3973,0.42378,,3.254,1.392,14043921000.0,7003146000.0,3676203000.0,44.65019
AJG,Financial Services,0.1472413348027681,0.5087158329035585,0.090670004,0.13257,0.17212,58.979,1.055,0.686,64255200000.0,11554900000.0,2441000000.0,40.161343
AIZ,Financial Services,0.06700743828380466,0.18319066147859922,0.15413,0.06753,0.11153,38.316,0.41,0.58,35020600000.0,11877500000.0,1111400000.0,13.830488
T,Communication Services,-0.0007514620838370308,-0.23972222222222223,0.19139999,0.17870001,0.2158,124.412,1.013,0.598,394795000000.0,122336000000.0,18508000000.0,8.446255
ATO,Utilities,0.12906215255161413,0.14944841043441573,0.09323,0.2549,0.30696,68.616,0.773,0.749,28249522000.0,4702755000.0,-1511943000.0,23.479893
ADSK,Technology,0.11533563762052028,0.22737306843267108,0.402,0.15791,0.25865,100.7,0.764,1.477,10833000000.0,6131000000.0,1505000000.0,60.58333
ADP,Technology,0.07073521293991439,0.08734008528784648,0.70572996,0.19788,0.25891,154.917,1.054,0.858,53369300000.0,20560900000.0,4392700000.0,25.011858
AZO,Consumer Cyclical,0.02425324500434499,-0.061665540501204354,,0.13191,0.19159001,,0.876,0.41,19355324000.0,18938717000.0,1790080000.0,26.88193
AVB,Real Estate,0.052692483748562544,0.16490619869189568,0.09754,0.38122,0.2928,73.165,0.707,0.748,21000737000.0,2913757000.0,1409852000.0,22.034145
AVY,Consumer Cyclical,0.04679411307581029,0.4013916500994036,0.30211002,0.07932,0.12687999,171.013,1.264,1.015,8404200000.0,8755700000.0,699000000.0,19.348467
AXON,Industrials,0.3343546705674829,1.1448831798296764,0.10028,0.100509994,-0.00229,69.33,3.124,1.369,4474588000.0,2082526000.0,329527000.0,164.1478
BKR,Energy,0.09107660942523328,0.5331960885229027,0.1689,0.104329996,0.13524,33.042,1.409,0.894,38363000000.0,27829000000.0,2054000000.0,16.855173
BALL,Consumer Cyclical,-0.02213563256508042,4.669024045261669,0.117469996,0.05357,0.11542,138.426,1.105,1.141,17628000000.0,11795000000.0,-369000000.0,19.404669
BAC,Financial Services,0.03353587405280937,0.023269847256270036,0.09871,0.29224002,0.35292998,,,1.304,3261519000000.0,101887000000.0,,14.087432
BDX,Healthcare,,,0.06544,0.07683,0.14958,75.545,1.113,0.285,57286000000.0,,3072000000.0,33.1134
BRK-B,Financial Services,-0.034381351900704925,-0.07511717572721699,0.1017,0.18129,0.41103,18.166,2.722,0.709,1153881000000.0,424232000000.0,11616000000.0,16.12928
BBY,Consumer Cyclical,-0.0442787443615944,-0.25302175664786464,0.26722,0.0187,0.03867,150.074,1.038,1.389,14782000000.0,41528000000.0,1392000000.0,21.060604
TECH,Healthcare,0.05226217797180474,-0.5633681330121055,0.038,0.06409,0.1451,20.067,4.217,1.467,2557868000.0,1219635000.0,256550000.0,125.57143
BIIB,Healthcare,-0.016236935214933506,0.40573594005684266,0.09307,0.1598,0.30718002,36.194,2.716,0.145,28049300000.0,9675900000.0,2515700000.0,15.979945
BLK,Financial Services,0.14267316199115293,0.15757906215921483,0.120740004,0.26638,0.3214,24.32,2.256,1.481,138615000000.0,20407000000.0,4701000000.0,26.112196
BX,Financial Services,0.5600239144275673,0.9962239733118601,0.26457,0.2117,0.44629002,65.942,1.004,1.762,43469875000.0,10930540000.0,3420253000.0,40.997128
XYZ,Technology,0.1006327769007525,295.4640810478919,0.14692001,0.13081001,0.06871,36.049,2.183,2.651,36777595000.0,24121053000.0,1553403000.0,12.464789
BK,Financial Services,0.044030192131747484,0.37189582071471833,0.121520005,0.26568002,0.37402,,,1.123,416064000000.0,18258000000.0,-782000000.0,15.357864
BKNG,Consumer Cyclical,0.11111631172478352,0.3714152483096293,,0.19371,0.44904998,,1.334,1.251,27708000000.0,23739000000.0,7894000000.0,31.05582
BSX,Healthcare,0.17605337078651687,0.1638418079096045,0.12488,0.1443,0.20731,50.973,1.508,0.674,39395000000.0,16747000000.0,2365000000.0,51.807484
BMY,Healthcare,0.07319024130115985,-2.1150155763239877,0.33777002,0.12572,0.31566,274.414,1.266,0.309,92603000000.0,48300000000.0,13942000000.0,15.572391
AVGO,Technology,0.4398503587481504,-0.5813804857264593,0.27083,0.31592,0.31765,166.032,1.497,1.21,165645000000.0,51574000000.0,19414000000.0,87.007675
BR,Technology,0.05875391897707014,0.20254977796877238,0.38215,0.13112001,0.118719995,132.063,0.927,0.997,8545000000.0,6889100000.0,1056400000.0,29.243279
BRO,Financial Services,0.12050488211478924,0.14006888633754305,0.10695,0.18691999,0.24129,64.746,1.182,0.816,17612000000.0,4705000000.0,1092000000.0,24.339394
BF-B,Consumer Defensive,-0.04858784107228339,-0.1513671875,0.22649,0.21378,0.27165002,67.728,2.791,0.41,8086000000.0,3975000000.0,431000000.0,15.893855
BLDR,Industrials,-0.04075712406557047,-0.30031839174842834,0.13555999,0.03795,0.05805,117.723,1.786,1.561,10583086000.0,16400492000.0,1492123000.0,19.282734
BG,Consumer Defensive,-0.10802821632515956,-0.4930896121266161,0.09758,0.02201,0.02194,102.816,1.66,0.78,24899000000.0,53108000000.0,524000000.0,10.650901
CHRW,Industrials,0.007303351023840443,0.4323237853282851,0.34318,0.03636,0.05578,80.904,1.585,0.909,5297926000.0,17724956000.0,434796000.0,30.704453
CDNS,Technology,0.13478725844049344,0.013773310896475415,0.21736,0.20354,0.35089,47.685,3.048,1.043,8974482000.0,4641264000.0,1118009000.0,77.46906
CPT,Real Estate,0.0011770221922184241,-0.5951168954821241,0.059310004,0.1705,0.15994,81.136,0.052,0.832,8852144000.0,1543842000.0,381142000.0,42.60324
CPB,Consumer Defensive,0.06403071814030718,0.06172839506172839,0.15636,0.058709998,0.13098,184.734,0.768,-0.055,14896000000.0,10253000000.0,705000000.0,15.751244
COF,Financial Services,0.06320167450458042,-0.02803355842029875,0.01615,0.04899,0.38719,,,1.165,490144000000.0,39112000000.0,16955000000.0,71.43298
CAH,Healthcare,-0.01873233786101302,0.8321596244131455,,0.00681,0.01205,,0.957,0.644,53122000000.0,222578000000.0,1850000000.0,31.643505
KMX,Consumer Cyclical,-0.006881961287366163,0.044557224063238206,0.084180005,0.01843,0.021440001,311.84,2.461,1.287,27404206000.0,26353420000.0,156500000.0,10.360704
CCL,Consumer Cyclical,0.15875515213263558,26.89189189189189,0.25733998,0.10069,0.27867,233.568,0.338,2.527,49057000000.0,25021000000.0,1297000000.0,13.690721
CARR,Industrials,0.18653369215344837,3.1541882876204594,0.0998,0.18052,0.09554,83.159,1.141,1.292,37403000000.0,22486000000.0,44000000.0,32.75625
CAT,Industrials,-0.033566954965702354,0.04421867440735365,0.46283,0.14339,0.17746,201.046,1.384,1.562,87764000000.0,64809000000.0,8820000000.0,28.241663
CBOE,Financial Services,0.08506691400556513,0.004596795376937221,0.21621001,0.21287,0.32846,32.645,1.718,0.357,7789100000.0,4094500000.0,1039700000.0,27.161291
CBRE,Real Estate,0.119502957839056,-0.018255578093306288,0.14091,0.031229999,0.04923,104.121,1.127,1.342,24383000000.0,35767000000.0,1401000000.0,38.713577
CDW,Technology,-0.01765063622754491,-0.02399710223671104,0.43007,0.04757,0.07774,239.737,1.39,1.055,14678400000.0,20998700000.0,1154700000.0,17.7244
COR,Healthcare,,,1.23751,0.00484,0.011390001,438.489,0.903,0.64,67101667000.0,,2997512000.0,45.882057
CNP,Utilities,-0.00609475620975161,0.11123227917121047,0.09606,0.11367,0.2495,202.111,0.513,0.562,43768000000.0,8643000000.0,-2374000000.0,25.037975
CF,Basic Materials,-0.10481073744533254,-0.20131147540983607,0.21967,0.20472,0.33936,44.133,2.273,0.673,13466000000.0,5936000000.0,1750000000.0,9.496977
SCHW,Financial Services,0.040823910389127784,0.1726860074995066,0.17046,0.35930002,0.49242002,99.789,0.59,0.953,479843000000.0,19606000000.0,2050000000.0,21.196722
CHTR,Communication Services,0.00875345651656381,0.11542681588764538,0.31327,0.092939995,0.23858999,497.907,0.375,1.054,150020000000.0,55085000000.0,3161000000.0,5.631068
CVX,Energy,-0.017769268661794804,-0.17352239225045626,0.07316,0.06767,0.098529994,21.239,1.152,0.669,256938000000.0,193414000000.0,15044000000.0,21.094233
CMG,Consumer Cyclical,0.14609555100672644,0.2485259254014488,0.44958,0.13036,0.16134001,154.574,1.542,0.999,9204374000.0,11313853000.0,1511473000.0,27.99115
CB,Financial Services,0.12002074481878204,0.02702702702702703,0.1364,0.16442,0.25623,30.958,0.38,0.527,246548000000.0,56150000000.0,,12.470318
CHD,Consumer Defensive,0.04076415753506365,-0.22538380095288513,0.18594,0.12742,0.16057,56.855,1.086,0.452,8883100000.0,6107100000.0,976400000.0,26.50473
CI,Healthcare,0.25205059763201443,-0.33501161890007747,0.15538,0.02293,0.04,81.021,0.828,0.275,155881000000.0,244384000000.0,8957000000.0,12.315766
CINF,Financial Services,0.13222810346549485,0.24362452523060227,0.14529,0.17569,0.38272,5.732,1.118,0.703,36501000000.0,11337000000.0,2627000000.0,12.343495
CTAS,Industrials,0.07748211218226426,0.15314979969355913,0.42187,0.17538,0.22731,56.254,2.239,0.963,9825241000.0,10340181000.0,1757021000.0,41.28889
CSCO,Technology,0.05298961024478189,-0.013565891472868217,0.22418,0.17902,0.23604,63.228,0.927,0.869,122291000000.0,56654000000.0,13288000000.0,29.38224
C,Financial Services,0.05277575820523473,0.3742956220199393,0.06995,0.19488001,0.30606002,,,1.198,2352945000000.0,81089000000.0,-26169000000.0,13.862359
CFG,Financial Services,-0.052285992217898834,-0.061567164179104475,0.067140006,0.22894,0.32026002,,,1.112,217521000000.0,7794000000.0,1879000000.0,14.64986
CLX,Consumer Defensive,0.0015508247568024813,1.8928571428571428,4.43646,0.11682,0.08328,2230.435,0.759,0.565,5561000000.0,7104000000.0,761000000.0,16.313972
CME,Financial Services,0.09880083887504705,0.09286467051019776,0.13346,0.58946997,0.63386,13.372,1.021,0.297,137447000000.0,6130100000.0,3596500000.0,26.46221
CMS,Utilities,0.007102653444116859,0.13077790304396844,0.11233,0.12622,0.26174998,191.634,0.899,0.474,35920000000.0,7515000000.0,-808000000.0,21.337175
KO,Consumer Defensive,0.028565808453905668,-0.007746873249953332,0.42442,0.2734,0.32373002,144.771,1.211,0.398,100549000000.0,47061000000.0,4741000000.0,24.155628
CTSH,Technology,0.019790213403606677,0.053621825023518345,0.14501001,0.10203,0.15993,7.854,2.358,0.974,19966000000.0,19736000000.0,1827000000.0,17.587963
COIN,Financial Services,1.1117178931939855,26.184977495757398,0.26005,0.43664002,0.25254,48.559,2.404,3.675,22541951000.0,6564028000.0,,20.796713
CL,Consumer Defensive,0.03309862774322866,0.25608695652173913,2.93635,0.1447,0.2023,680.048,0.93,0.3,16046000000.0,20101000000.0,3546000000.0,22.669468
CMCSA,Communication Services,0.017759023459349193,0.05224850532882766,0.24186,0.18333,0.17735,101.462,0.882,0.826,266211000000.0,123731000000.0,12543000000.0,4.5431895
CAG,Consumer Defensive,-0.036354131226713354,2.3191244239631335,0.096540004,0.07424,0.11688,92.867,1.058,-0.011,20933900000.0,11612800000.0,1302600000.0,10.039548
COP,Energy,-0.02486596248730874,-0.1562471479419549,0.15421,0.14445,0.19543,36.169,1.323,0.327,122780000000.0,54745000000.0,8006000000.0,12.340396
ED,Utilities,0.040441928663984175,-0.277491067884081,0.08839,0.122700006,0.25342,110.373,1.075,0.365,70562000000.0,15256000000.0,-1157000000.0,17.51049
STZ,Consumer Defensive,0.024784677467927483,-1.0471228435799467,0.15912,0.12705,0.36413,135.429,1.083,0.463,21652300000.0,10208700000.0,1938100000.0,19.455605
CEG,Utilities,-0.054177702865398504,1.3099199014171288,0.19839,0.11026,0.16332,61.51,1.563,1.13,52926000000.0,23568000000.0,-5029000000.0,38.77408
COO,Healthcare,0.08410330624512968,0.33344663494221616,0.050100002,0.1008,0.16570999,29.67,2.116,1.06,12315200000.0,3895400000.0,288100000.0,36.9951
CPRT,Industrials,0.09680248620251543,0.13897741779284237,0.18124,0.34243,0.37289003,1.039,7.939,1.111,10090902000.0,4646958000.0,1230760000.0,24.98773
GLW,Technology,0.042103590721321894,-0.12908777969018934,0.12739,0.09159,0.14561,76.51,1.556,1.103,27735000000.0,13118000000.0,974000000.0,50.935898
CPAY,Technology,0.057713203142651166,0.022259112527879904,0.29097,0.24365999,0.44617,201.153,1.134,0.86,17957031000.0,3974589000.0,1765389000.0,19.607605
CTVA,Basic Materials,-0.018460466736328805,0.23401360544217686,0.06705,0.09187999,-0.10313,17.175,1.578,0.748,40825000000.0,16908000000.0,1548000000.0,26.534412
CSGP,Real Estate,0.1145417515274949,-0.6298372030958099,0.00252,0.00664,-0.061300002,13.126,3.121,0.84,9256800000.0,2736200000.0,-245300000.0,1120.8334
COST,Consumer Defensive,0.08167323631476146,0.09936201981810777,0.30686,0.02943,0.03878,34.066,1.034,0.982,77099000000.0,275235000000.0,7837000000.0,49.260822
CTRA,Energy,-0.07710517416300304,-0.31015384615384617,0.118549995,0.24691999,0.28043,27.957,1.025,0.321,21625000000.0,5458000000.0,1024000000.0,11.921296
CSX,Industrials,-0.007982533942825953,-0.0539803707742639,0.22589001,0.20548001,0.35071,155.283,0.847,1.298,42764000000.0,14540000000.0,2718000000.0,22.25974
CMI,Industrials,0.0010861588140319977,4.368707482993197,0.22767,0.079450004,0.12132,62.949,1.769,1.116,31540000000.0,34102000000.0,279000000.0,24.50778
CVS,Healthcare,0.04201791064800322,-0.4470278044103547,0.0057800002,0.0011999999,0.022650002,111.821,0.832,0.482,253215000000.0,372809000000.0,6326000000.0,205.3421
DHR,Healthcare,-0.0006278777731268313,-0.18157010915197314,0.06843,0.14435,0.2075,35.544,1.519,0.928,77542000000.0,23875000000.0,5296000000.0,46.691994
DRI,Consumer Cyclical,0.06028972783143108,0.02140910860256909,0.50411,0.08898,0.09879,361.727,0.397,0.656,12587000000.0,12076700000.0,1026600000.0,18.726688
DDOG,Technology,0.2611946574802465,2.783272936913194,0.03519,0.033239998,-0.00656,37.199,3.663,1.233,5785339000.0,2684275000.0,775103000.0,492.34378
DVA,Healthcare,0.05563384034806168,0.35400522027084674,0.61618,0.05796,0.14832,953.093,1.363,0.994,17285268000.0,12815550000.0,1466595000.0,12.409701
DECK,Consumer Cyclical,0.16275363167227294,0.27190371305605987,0.43312,0.19364001,0.2282,14.22,3.067,1.193,3570252000.0,4985612000.0,958352000.0,12.649331
DE,Industrials,-0.16149913690081,-0.3015935471178438,0.21399,0.11767,0.15094,266.767,2.229,1.008,107320000000.0,50518000000.0,4429000000.0,25.443342
DELL,Technology,0.08076901328809725,0.35537190082644626,,0.04768,0.0664,,0.83,1.091,79746000000.0,95567000000.0,1869000000.0,17.884672
DAL,Industrials,0.06193150496141125,-0.24994575829898025,0.28514,0.07357,0.0992,117.299,0.398,1.387,75372000000.0,61643000000.0,2885000000.0,8.260931
DVN,Energy,0.04469786341591296,-0.22844942620763278,0.18586999,0.16424999,0.24194999,56.274,0.957,0.684,30489000000.0,15940000000.0,-853000000.0,8.40802
DXCM,Healthcare,0.11338100102145046,0.06408125577100646,0.30635,0.15958999,0.20053,94.479,1.565,1.524,6484500000.0,4033000000.0,630700000.0,33.461113
FANG,Energy,0.32186113442858855,0.06204263442570792,0.10901,0.28689,0.36628,35.66,0.623,0.616,67292000000.0,11023000000.0,-5374000000.0,10.2909355
DLR,Real Estate,0.014224234493645406,-0.3650233232648777,0.05825,0.23959999,0.13333,79.248,1.304,1.118,45283616000.0,5554968000.0,,40.614986
DG,Consumer Defensive,0.049641228412082836,-0.3226565876550166,0.15597999,0.0286,0.0555,213.026,1.253,0.287,31132733000.0,40612308000.0,1686176000.0,18.833332
DLTR,Consumer Defensive,0.04751774317535799,-2.0349559294871793,0.20055,-0.15799,0.04879,203.675,1.036,0.764,18644000000.0,17578500000.0,1562000000.0,19.73256
D,Utilities,0.004585562426179393,0.04579025110782865,0.09204,0.16790001,0.34504002,154.315,0.845,0.687,102415000000.0,14459000000.0,-7180000000.0,20.088236
DPZ,Consumer Cyclical,0.05068985332273062,0.12531254936257266,,0.12159,0.18064,,1.609,1.151,1737013000.0,4706416000.0,512012000.0,23.810637
DASH,Consumer Cyclical,0.24169079328314996,1.2204301075268817,0.100430004,0.0683,0.08009,34.255,2.045,1.696,12845000000.0,10722000000.0,1802000000.0,96.25888
DOV,Industrials,0.007994429288347052,1.5520955160158512,0.15883,0.28370002,0.1869,40.076,2.042,1.312,12509160000.0,7745909000.0,580846000.0,23.93481
DHI,Consumer Cyclical,-0.06931801507551343,-0.24623664956689933,0.14321,0.10468,0.124680005,24.514,6.421,1.386,35471200000.0,34250400000.0,3283500000.0,12.669258
DTE,Utilities,-0.022597096900745392,0.005010737294201861,0.11658,0.093439996,0.18968001,207.975,1.152,0.468,48846000000.0,12457000000.0,-824000000.0,20.355322
DUK,Utilities,0.044631796283551274,0.5923970432946146,0.09905,0.15972,0.27125,170.344,0.629,0.477,186343000000.0,30357000000.0,48000000.0,19.338583
DD,Basic Materials,0.026350679482930062,0.6619385342789598,0.03217,-0.060110003,0.17773001,39.673,2.002,1.09,36636000000.0,12386000000.0,1421000000.0,22.277456
EMN,Basic Materials,0.018675352877307275,0.012304250559284116,0.12116,0.07746,0.09673,89.235,1.756,1.253,15213000000.0,9382000000.0,688000000.0,9.9382305
ETN,Industrials,0.07251250215554406,0.17899316345556246,0.20653,0.14741,0.19791001,59.661,1.28,1.159,38381000000.0,24878000000.0,3519000000.0,33.237476
EBAY,Consumer Cyclical,0.016910601265822785,-0.2862305746295627,0.42430001,0.20366,0.21418,151.155,0.925,1.343,19365000000.0,10283000000.0,1956000000.0,17.92461
ECL,Basic Materials,0.02749311366692341,0.5393135611746702,0.21869,0.12489,0.14715,103.915,1.697,0.989,22387800000.0,15741400000.0,1819400000.0,38.482708
EIX,Utilities,0.077182029624189,0.09879175550817342,0.15765001,0.16315001,0.32557,204.02,0.82,0.838,85579000000.0,17599000000.0,-693000000.0,7.6775885
EW,Healthcare,0.08572854291417166,1.9767541357672562,0.13492,0.23249,0.27371,6.862,4.004,0.973,13055300000.0,5439500000.0,259900000.0,37.33772
EA,Communication Services,-0.013091774662787622,-0.11940298507462686,0.13201,0.121429995,0.10875,36.65,0.838,0.757,12368000000.0,7463000000.0,1858000000.0,58.510204
ELV,Healthcare,0.031924827827710986,-0.0011691999331885753,0.12569,0.028399998,0.034649998,72.823,1.56,0.532,116889000000.0,176810000000.0,4552000000.0,13.105092
EMR,Industrials,0.02995655156643037,0.16514227642276422,0.09363,0.12728,0.20721,67.785,0.876,1.25,41964000000.0,18016000000.0,2667000000.0,31.816376
ENPH,Technology,-0.4192460579032699,-0.7661208012101992,0.20305,0.12932,0.16433,123.979,2.042,1.419,3249676000.0,1330383000.0,480089000.0,18.445206
ETR,Utilities,-0.022042472915218485,-0.5507854599946662,0.11188,0.1421,0.30055,179.362,0.713,0.617,64790032000.0,11879653000.0,-1481200000.0,23.078817
EOG,Energy,0.008454835648347855,-0.15683434290229128,0.18476999,0.24410999,0.33223,26.835,1.624,0.505,47186000000.0,23378000000.0,5771000000.0,10.622642
EPAM,Technology,0.007973495588994017,0.08979028155067456,0.10207,0.070149995,0.10682,4.165,3.022,1.767,4750473000.0,4727940000.0,527022000.0,27.630533
EQT,Energy,0.030021802838747752,-0.867120362003467,0.08488,0.23097,0.34897,30.675,0.578,0.632,39830255000.0,5222192000.0,573264000.0,18.576548
EFX,Industrials,0.07899035174352351,0.10783055198973042,0.13066,0.1108,0.19950001,94.824,0.738,1.587,11759400000.0,5681100000.0,813000000.0,40.326412
EQIX,Real Estate,0.06839276990718124,-0.15892672858617132,0.077,0.118,0.21851999,147.969,1.34,1.027,35085000000.0,8748000000.0,183000000.0,69.42778
EQR,Real Estate,0.036932960886079294,0.23986579494827862,0.10444,0.37583,0.28955,76.237,0.165,0.763,20834176000.0,2980108000.0,1254918000.0,19.917763
ERIE,Financial Services,0.16716587856459053,0.34581144731325986,0.30444,0.16038,0.20115,2.353,1.669,0.386,2888614000.0,3862404000.0,486404000.0,23.919289
ESS,Real Estate,0.06292998361681927,0.827196451672519,0.15987,0.44167,0.33777002,115.144,0.457,0.733,12927359000.0,1774450000.0,931910000.0,19.878235
EG,Financial Services,0.18058628318584072,-0.4545093365117203,0.03595,0.031229999,0.07728,23.337,0.408,0.379,56341000000.0,17076000000.0,,23.147955
EVRG,Utilities,0.06156276097454704,0.19444824285518938,0.08454,0.1445,0.36201,142.45,0.516,0.635,32282100000.0,5847300000.0,-352900000.0,20.78082
ES,Utilities,-0.0008308492234506689,2.83532244934877,0.0861,0.102189995,0.22489001,184.357,0.715,0.759,59594529000.0,11900809000.0,-2320792000.0,17.831493
EXC,Utilities,0.05987941271229346,0.05670103092783505,0.10308,0.116009995,0.22177,177.601,0.939,0.553,107784000000.0,23028000000.0,-1528000000.0,16.39785
EXE,Energy,-0.45710610932475887,-1.295163290615957,0.061189998,0.08043,0.29054,27.95,0.81,0.452,27894000000.0,4221000000.0,8000000.0,37.093548
EXPE,Consumer Cyclical,0.0663603084352364,0.548306148055207,0.53886,0.096590005,0.25566998,250.289,0.744,1.457,22388000000.0,13691000000.0,2329000000.0,23.865961
EXPD,Industrials,0.1398268407577975,0.07596133795025256,0.36505002,0.07571,0.0995,24.549,1.794,1.162,4754458000.0,10600515000.0,682895000.0,23.324106
EXR,Real Estate,0.27210609613771186,0.06409752016314782,0.06786,0.27735,0.46325,94.252,1.46,1.27,28847926000.0,3256902000.0,1866916000.0,29.409399
XOM,Energy,0.013594385369453565,-0.06470424881977228,0.11424,0.091809995,0.11057,15.672,1.137,0.378,453475000000.0,339247000000.0,30716000000.0,17.017443
FFIV,Technology,,,0.20602,0.22421,0.27146998,6.424,1.562,0.988,5613004000.0,,762007000.0,19.855083
FDS,Financial Services,0.05387607033139421,0.11154552190733645,0.29132,0.25715,0.29707,71.282,1.4,0.748,4304272000.0,2321748000.0,617454000.0,17.826254
FICO,Technology,0.15914926469817633,0.2713182829541488,,0.32747,0.48099998,,0.83,1.296,1868133000.0,1990869000.0,739400000.0,67.555725
FAST,Industrials,0.027127826098792655,-0.0038095238095238095,0.32742,0.15336001,0.20696,13.283,4.259,0.882,4698000000.0,7546000000.0,946800000.0,37.299065
FRT,Real Estate,0.06209225953359702,0.24568221617401945,0.10516,0.27586,0.34465,138.76,0.369,1.02,8524757000.0,1202452000.0,327803000.0,24.865482
FDX,Industrials,0.0026569965675709577,-0.05518356037866543,0.15004,0.046529997,0.0764,,1.246,1.341,87627000000.0,87926000000.0,2981000000.0,15.802346
FIS,Technology,0.030108839385616926,1.2178812922614575,0.011829999,0.0146200005,0.2385,94.272,0.532,0.935,33784000000.0,10127000000.0,1358000000.0,200.21875
FITB,Financial Services,-0.020066492519591545,-0.01489995742869306,0.115109995,0.29674,0.39780998,,,1.011,212927000000.0,8253000000.0,2410000000.0,12.662686
FSLR,Technology,0.2674882375168821,0.5552236039274077,0.16864,0.27728,0.29225,9.893,1.91,1.59,12124361000.0,4206289000.0,-308077000.0,19.194317
FE,Utilities,0.046775446775446775,-0.11252268602540835,0.11192001,0.09312,0.21263,193.669,0.747,0.652,52044000000.0,13472000000.0,-1139000000.0,20.386957
FI,Technology,0.07138741947310533,0.020534550195567144,0.1354,0.17046,0.25385,120.581,1.08,0.794,77176000000.0,20456000000.0,5062000000.0,9.860897
F,Consumer Cyclical,0.04995147311724209,0.3524269611226133,0.10295,0.024820002,0.03146,346.673,1.121,1.612,285196000000.0,184992000000.0,6739000000.0,10.965813
FTNT,Technology,0.12271904690091992,0.5204739501655341,2.28043,0.28584,0.31648,148.116,1.027,1.094,9763100000.0,5955800000.0,1879200000.0,32.45062
FTV,Technology,0.027451239015382586,-0.037999537999538,0.103649996,0.09621,0.15539,52.244,0.701,1.05,17016100000.0,6231800000.0,1406400000.0,20.795277
FOXA,Communication Services,0.1659513590844063,0.5076615589606929,0.17272,0.12353,0.26323998,60.136,3.238,0.512,23195000000.0,16300000000.0,2993000000.0,14.761799
FOX,Communication Services,0.1659513590844063,0.5076615589606929,0.17272,0.12353,0.26323998,60.136,3.238,0.512,23195000000.0,16300000000.0,2993000000.0,13.289888
BEN,Financial Services,0.03452465204057561,0.12930292598967297,0.03818,0.05985,0.17558001,23.699,4.097,1.496,32368300000.0,8770700000.0,911600000.0,23.824175
FCX,Basic Materials,0.1137606650623496,0.022186147186147188,0.14538999,0.07969,0.28055,30.589,2.455,1.487,54848000000.0,25455000000.0,2352000000.0,27.881119
GRMN,Technology,0.2043992906233288,0.09444525431982358,0.19655001,0.22625999,0.25795,2.342,3.316,1.006,9630527000.0,6296903000.0,1238900000.0,23.702837
IT,Technology,0.061022123746985756,0.4206949616189179,1.0925701,0.1371,0.15773,512.089,0.878,1.075,8534671000.0,6267411000.0,1383185000.0,20.452402
GE,Industrials,0.09488514201652144,-0.308584686774942,0.42131,0.18344,0.20598,115.246,1.077,1.401,123140000000.0,38702000000.0,3678000000.0,38.47925
GEHC,Healthcare,0.0061374795417348605,0.2710459183673469,0.24450001,0.10945,0.14213,105.127,1.181,1.273,33089000000.0,19672000000.0,1550000000.0,15.828157
GEV,Industrials,0.05102439904930955,4.54337899543379,0.16723,0.045229997,0.05738,11.101,1.029,,51485000000.0,34935000000.0,1700000000.0,90.972176
GEN,Technology,0.035526315789473684,0.05930807248764415,0.25027,0.12743,0.36475,356.98,0.505,1.111,15495000000.0,3935000000.0,1206000000.0,29.164835
GNRC,Industrials,0.0679069383570651,0.6015441505940745,0.11969,0.06921,0.0925,56.133,2.183,1.811,5109331000.0,4295834000.0,604568000.0,27.87023
GD,Industrials,0.12878501135503406,0.14087481146304676,0.17782,0.081829995,0.10459,40.419,1.4,0.403,55880000000.0,47716000000.0,3196000000.0,22.071335
GIS,Consumer Defensive,-0.018663255645307495,-0.0806697108066971,0.30866,0.15241,0.15602,151.352,0.658,-0.074,33071100000.0,19486600000.0,2292900000.0,9.1361065
GM,Consumer Cyclical,0.09078106632837141,-0.4067344722030216,0.04442,0.01625,0.056739997,195.437,1.229,1.311,279761000000.0,187442000000.0,-5980000000.0,13.421757
GPC,Consumer Cyclical,0.01714805282320389,-0.31328559145142815,0.16994,0.0336,0.0643,133.159,1.137,0.748,19282705000.0,23486569000.0,683912000.0,22.127367
GILD,Healthcare,0.060407139696120375,-0.9152691968225949,0.40706003,0.27882,0.45231,116.243,1.453,0.334,58995000000.0,28754000000.0,10305000000.0,19.603716
GPN,Industrials,0.046763559775062594,0.5922860013810124,0.07233,0.17365,0.3184,69.198,0.855,0.824,46890255000.0,10105894000.0,2857766000.0,11.151745
GL,Financial Services,0.060676273094628336,0.10301981447430093,0.22277,0.19363001,0.34092999,55.217,0.695,0.481,29076181000.0,5778069000.0,1331395000.0,9.609579
GDDY,Technology,0.07500999036223878,-0.31851905731742797,3.69454,0.17013,0.23884001,4217.211,0.569,0.943,8235400000.0,4573200000.0,1261100000.0,21.944733
GS,Financial Services,0.15691615860249924,0.6763738844527948,0.13532,0.29073998,0.37203997,586.142,1.657,1.35,1675972000000.0,53512000000.0,-15303000000.0,15.722731
HAL,Energy,-0.0032148753149708925,-0.051933282789992416,0.12788,0.05913,0.12857,83.613,1.955,0.816,25587000000.0,22944000000.0,2423000000.0,17.099339
HIG,Financial Services,0.08442252363337444,0.24241214057507987,0.20069,0.12745,0.18916,23.675,1.796,0.637,80917000000.0,26384000000.0,5764000000.0,11.156991
HCA,Healthcare,0.0867350080039404,0.09881724532621138,,0.0853,0.15474,,0.854,1.376,59513000000.0,70603000000.0,5639000000.0,18.97218
HSIC,Healthcare,0.027068644136477835,-0.0625,0.08347999,0.03022,0.0614,70.224,1.396,0.905,10218000000.0,12673000000.0,661000000.0,23.154573
HSY,Consumer Defensive,0.00333820212320797,0.19306827257897924,0.31013,0.118360005,0.13542,125.764,1.363,0.187,12946861000.0,11202263000.0,1925654000.0,27.761194
HPE,Technology,0.034048395400720785,0.27358024691358024,0.05356,0.03773,0.05495,96.967,0.951,1.338,71262000000.0,30127000000.0,1974000000.0,24.141176
HLT,Consumer Cyclical,0.09174401563263312,0.3453111305872042,,0.34188998,0.60327,,0.664,1.166,16522000000.0,11174000000.0,1815000000.0,39.83745
HOLX,Healthcare,0.017418058209066323,-0.28347055098163393,0.11116,0.13796,0.32736,52.037,3.754,0.705,9014900000.0,4100500000.0,904700000.0,29.863455
HD,Consumer Cyclical,0.04483555928184504,-0.02225450703295252,1.62909,0.087740004,0.12945,539.922,1.051,1.046,96119000000.0,159514000000.0,16325000000.0,23.418827
HON,Industrials,0.05007910097648792,0.00830682219865677,0.34616002,0.1507,0.18505,215.247,1.358,0.945,75196000000.0,38498000000.0,4933000000.0,20.044306
HRL,Consumer Defensive,-0.015624512283639733,0.014448594456457638,0.09442,0.06257,0.08015,35.301,2.469,0.333,13434729000.0,11920797000.0,1010297000.0,16.562044
HST,Real Estate,0.07023159480323857,-0.05810810810810811,0.109239995,0.12403,0.073520005,82.827,1.021,1.209,13048000000.0,5684000000.0,950000000.0,16.433964
HWM,Industrials,0.11897590361445783,0.5098039215686274,0.30064,0.18181999,0.25658,65.176,2.353,1.319,10519000000.0,7430000000.0,977000000.0,55.57183
HPQ,Technology,-0.0029599017089243828,-0.14955562365920932,,0.048249997,0.06008,,0.738,1.221,39909000000.0,53559000000.0,3157000000.0,8.712727
HUBB,Industrials,0.04757207467103426,0.023690444853908924,0.24991,0.15123,0.22591,58.21,1.358,0.996,6679100000.0,5628500000.0,810800000.0,26.381489
HUM,Healthcare,0.10704683475285313,-0.515066291683407,0.07159,0.01022,0.02043,69.686,2.024,0.455,46479000000.0,117761000000.0,2391000000.0,21.2243
HBAN,Financial Services,0.011228262357935096,-0.005638134290107637,0.10434,0.29619,0.38561,,,0.981,204230000000.0,7385000000.0,1672000000.0,11.104896
HII,Industrials,0.007071765322158198,-0.19236417033773862,0.12387,0.04737,0.06172,58.708,1.139,0.367,12141000000.0,11535000000.0,26000000.0,21.053755
IBM,Technology,0.014435822825735531,-0.19714742735270593,0.30156,0.120900005,0.1717,237.831,0.932,0.688,137175000000.0,62753000000.0,11760000000.0,35.45173
IEX,Industrials,-0.0015577751305782094,-0.15282670692836772,0.12197,0.13974,0.21418,48.121,2.934,1.002,6745300000.0,3268800000.0,603000000.0,27.044373
IDXX,Healthcare,0.0646145962540355,0.05067795446853529,0.64633006,0.24654,0.32106,71.29,1.18,1.687,3293443000.0,3897504000.0,798079000.0,57.475056
ITW,Industrials,-0.01297572484013162,0.1795738924585729,0.91683,0.19052,0.27667,278.654,1.53,1.153,15067000000.0,15898000000.0,2844000000.0,24.032007
INCY,Healthcare,0.14762440913625727,-0.9454232687805703,0.30389,0.24695,0.31633,0.887,3.195,0.826,5444322000.0,4241217000.0,235174000.0,17.298304
IR,Industrials,0.05219528511801748,0.07692307692307693,0.05382,0.07309,0.20476,47.62,2.162,1.331,18009800000.0,7235000000.0,1247600000.0,58.177776
PODD,Healthcare,0.2206705556537623,1.0276296655356276,0.19679001,0.097629994,0.16664,77.711,2.871,1.379,3087700000.0,2071600000.0,296300000.0,96.27035
INTC,Technology,-0.020782621523935976,-12.104795737122558,0.0018600001,0.0037099998,0.06284,39.881,1.602,1.346,196485000000.0,53101000000.0,-15656000000.0,575.0
ICE,Financial Services,0.187619913157629,0.16300675675675674,0.114930004,0.32431,0.49067003,67.954,1.012,1.059,139428000000.0,11761000000.0,3857000000.0,28.07818
IPG,Communication Services,-0.018146253661851543,-0.37226875455207575,0.14948,0.06245,0.16834,111.662,1.076,1.011,18325800000.0,10691700000.0,913400000.0,17.616438
INTU,Technology,0.15634019035922628,0.30577117786027674,0.21987,0.21191,0.15697,,1.386,1.262,36958000000.0,18831000000.0,6083000000.0,45.452366
ISRG,Healthcare,0.1723726505804242,0.2917686318131257,0.16902,0.28577998,0.30326,,4.728,1.692,18743200000.0,8352100000.0,1303800000.0,74.09103
IVZ,Financial Services,0.06133230704639284,8.995872033023735,0.06904,0.16691,0.16514,10.983,0.617,1.643,27008900000.0,6067000000.0,1120900000.0,15.7959175
INVH,Real Estate,0.07674451686854875,-0.1261920803896279,0.06,0.21805,0.27131,85.691,1.544,0.834,18700951000.0,2618942000.0,862411000.0,29.673685
IQV,Healthcare,0.028096636412172984,0.011045655375552283,0.19374001,0.08067001,0.13976,242.366,0.703,1.375,26899000000.0,15405000000.0,2114000000.0,30.977959
IRM,Real Estate,0.12218698685416043,-0.02213489366783547,,0.02398,0.20792,,0.659,1.132,18717115000.0,6149909000.0,-657242000.0,157.44443
JBHT,Industrials,-0.0578706458820242,-0.21612496172525392,0.15126,0.04753,0.07948,53.131,0.867,1.28,8312270000.0,12087204000.0,617783000.0,28.794115
JBL,Technology,0.03181802444344424,-0.526657060518732,0.40381,0.022049999,0.05841,246.012,1.0,1.257,18543000000.0,29802000000.0,1172000000.0,33.22635
JKHY,Technology,0.07210196326589012,0.19363253504305739,0.2345,0.19865,0.28549,3.17,1.494,0.749,3043970000.0,2375288000.0,410338000.0,25.957447
J,Industrials,0.04598249830166071,-0.6410637482275618,0.06523,0.02405,0.105170004,58.069,1.301,0.777,11252535000.0,12029783000.0,607472000.0,49.910854
JNJ,Healthcare,0.04300191406662831,-0.5998634540437516,0.33619,0.27259,0.30200002,57.766,1.074,0.358,180104000000.0,88821000000.0,18059000000.0,19.681467
JCI,Industrials,0.028058556988497733,0.9302052785923753,0.11374,0.13947,0.15306,86.383,0.929,1.418,37939000000.0,23596000000.0,965000000.0,43.174904
JPM,Financial Services,0.09349346894522174,0.17999273490474652,0.16437,0.347,0.43708,,,1.076,4002814000000.0,169439000000.0,,14.768086
K,Consumer Defensive,-0.028425544886450237,0.41219768664563616,0.32112,0.10079,0.15031,145.099,0.678,0.251,15628000000.0,12749000000.0,1132000000.0,22.800545
KVUE,Consumer Defensive,0.0007122507122507123,-0.38100961538461536,0.13469,0.0955,0.19288,85.659,0.98,0.658,25601000000.0,15455000000.0,1335000000.0,22.186666
KDP,Consumer Defensive,0.03624949372215472,-0.33929390187987163,0.06291,0.09781,0.23107,73.567,0.625,0.362,53430000000.0,15351000000.0,1597000000.0,23.913794
KEY,Financial Services,-0.29316170555108606,-1.1664943123061013,0.058179997,0.18115999,0.33839,,,1.106,187168000000.0,4393000000.0,599000000.0,22.0
KEYS,Technology,-0.08876281112737922,-0.41911069063386946,0.09982,0.103760004,0.18121,48.748,3.592,1.203,9269000000.0,4979000000.0,898000000.0,55.003185
KMB,Consumer Defensive,-0.01825657089716607,0.4427437641723356,1.3688201,0.09983,0.16699,500.068,0.773,0.252,16546000000.0,20058000000.0,2513000000.0,17.796955
KIM,Real Estate,0.1422081417517102,-0.37215046318585665,0.056700002,0.28243,0.34331,78.195,1.587,1.064,20309896000.0,2037014000.0,,24.53012
KMI,Energy,-0.01526020607799661,0.09284818067754078,0.08884,0.16612,0.25639,102.138,0.631,0.671,71407000000.0,15100000000.0,3006000000.0,22.114754
KKR,Financial Services,0.5108904849377255,-0.1757690579517349,0.07672,0.10564,0.30958,74.351,1.703,1.999,360099411000.0,21640288000.0,6508342000.0,49.652718
KLAC,Technology,0.23887647752854163,0.4705995446606244,0.99167997,0.33828998,0.41661,122.127,2.692,1.433,16067926000.0,12156162000.0,3741694000.0,34.478943
KR,Consumer Defensive,-0.01943494691380241,0.23151571164510165,0.25049,0.018550001,0.028900001,271.402,0.946,0.581,52616000000.0,147123000000.0,1777000000.0,16.766497
LHX,Industrials,0.09815129512333282,0.2241238793806031,0.091309994,0.08091,0.12882,60.629,1.144,0.652,42001000000.0,21325000000.0,2151000000.0,29.933191
LH,Healthcare,0.0696701091961584,0.784688995215311,0.10135999,0.062129997,0.11314999,75.557,1.551,0.966,18379000000.0,13008900000.0,1095900000.0,26.043139
LRCX,Technology,0.23684089764599187,0.39982658319252035,0.62261003,0.29657,0.34354,43.991,2.207,1.779,21345260000.0,18435591000.0,5414078000.0,31.420704
LW,Consumer Defensive,-0.002520254808584328,-0.5076498966230186,0.16219,0.04555,0.11378,223.019,1.489,0.426,7392600000.0,6451300000.0,230100000.0,27.73077
LVS,Consumer Cyclical,0.0892788276128037,0.18427518427518427,0.65651,0.12687999,0.23627001,847.509,0.889,0.982,20666000000.0,11298000000.0,1624000000.0,28.968468
LDOS,Technology,0.07928488146132918,5.301507537688442,0.2929,0.08106,0.11971,105.551,1.624,0.589,13104000000.0,16662000000.0,1243000000.0,17.428972
LEN,Consumer Cyclical,0.035289722897830146,-0.0015178325006582436,0.10774,0.07721,0.07971,24.892,12.742,1.407,41312781000.0,35441452000.0,2231876000.0,12.181999
LII,Industrials,0.07214115096649873,0.36739535671920015,0.92253995,0.15741,0.21340999,128.035,1.68,1.158,3471800000.0,5341300000.0,782100000.0,19.65019
LLY,Healthcare,0.3199674130599781,1.0208381039615297,0.9647,0.30986,0.48294,178.516,1.546,0.389,78714900000.0,45042700000.0,414300000.0,51.819065
LIN,Basic Materials,0.004596091800085226,0.05904178093240845,0.17979999,0.21170999,0.2794,64.673,0.823,0.857,80147000000.0,33005000000.0,4926000000.0,27.626507
LYV,Communication Services,0.018890346376845838,0.6094420292587625,0.5636,0.03659,0.09149,473.811,0.921,1.21,19638771000.0,23155625000.0,1050019000.0,94.659424
LKQ,Consumer Cyclical,0.03526611856339247,-0.26282051282051283,0.10882,0.049439996,0.08231,83.675,1.596,0.89,14955000000.0,14355000000.0,810000000.0,10.948148
LMT,Industrials,0.051382989744121,-0.22890173410404624,0.62776,0.05726,0.11693,358.987,1.129,0.234,55617000000.0,71043000000.0,5287000000.0,25.641626
L,Financial Services,0.09956627120806226,-0.01394700139470014,0.08182,0.07949,0.16677,49.123,0.493,0.623,81943000000.0,17239000000.0,2393000000.0,15.442671
LOW,Consumer Cyclical,-0.031293052548710884,-0.09953404090085426,,0.08045,0.1192,,1.04,0.957,43102000000.0,83674000000.0,7698000000.0,19.378824
LULU,Consumer Cyclical,0.10071940950245954,0.17057650997619647,0.42422,0.16377,0.20743,40.178,2.266,1.021,7603292000.0,10588126000.0,1583481000.0,11.479863
MTB,Financial Services,-0.017769738242179187,-0.05581904414447282,0.09628,0.3054,0.43886003,,,0.607,208105000000.0,9231000000.0,3394000000.0,11.641975
MPC,Energy,-0.06412632515382904,-0.6441483317839066,0.18887,0.02158,0.049689997,143.175,1.315,0.714,78858000000.0,138864000000.0,6132000000.0,20.278723
MKTX,Financial Services,0.08577537349826655,0.062490554339191255,0.15823,0.26157,0.40982,4.81,7.35,0.997,1789216000.0,817097000.0,328672000.0,27.456707
MAR,Consumer Cyclical,0.058491123012693456,-0.22964644826467726,,0.37984002,0.65933996,,0.467,1.171,26182000000.0,25100000000.0,1999000000.0,31.239702
MMC,Financial Services,0.07573891625615764,0.08093716719914804,0.28734,0.15601,0.19240999,139.501,1.123,0.754,56481000000.0,24458000000.0,3986000000.0,21.693045
MLM,Basic Materials,-0.03556145787221485,0.7065868263473054,0.12523,0.16688,0.27898002,60.618,2.966,1.161,18170000000.0,6536000000.0,604000000.0,30.964066
MAS,Industrials,-0.01744696874607757,-0.0947136563876652,5.6387095,0.10885999,0.15806,1888.69,1.878,1.273,5016000000.0,7828000000.0,907000000.0,15.918159
MA,Financial Services,0.12228065981353096,0.1499776686020545,1.8486099,0.45275003,0.598,239.715,1.122,0.868,48081000000.0,28167000000.0,13586000000.0,34.596672
MTCH,Communication Services,0.034141436598083996,-0.1538864135531411,,0.16202,0.30826,,1.41,1.356,4465771000.0,3479373000.0,882141000.0,15.079439
MKC,Consumer Defensive,0.0092311848938789,0.15853658536585366,0.1385,0.11462,0.17091,75.356,0.713,0.627,13070300000.0,6723700000.0,647000000.0,23.666668
MCD,Consumer Cyclical,0.016669935281427732,-0.029047113000354233,,0.3204,0.46905997,,1.0,0.525,55182000000.0,25920000000.0,6672000000.0,26.395052
MCK,Healthcare,0.1621616372822875,0.09760159893404396,,0.01042,0.013739999,,0.88,0.388,75140000000.0,359051000000.0,5226000000.0,27.097311
MDT,Healthcare,0.03624397478680015,0.26822633297062026,,0.13706,0.18971,59.437,,0.739,91680000000.0,33537000000.0,5185000000.0,27.425472
MRK,Healthcare,0.06742077684438161,45.895890410958906,0.39485002,0.29632,0.40802,79.708,1.661,0.319,117106000000.0,64168000000.0,18096000000.0,12.931217
META,Communication Services,0.21941112807816043,0.594966494449844,0.32643002,0.30892,0.40075,26.311,1.978,1.272,276054000000.0,164501000000.0,54072000000.0,26.317537
MET,Financial Services,0.03293506033171366,1.8048162230671736,0.12798001,0.053400002,0.0701,163.999,1.891,0.752,677457000000.0,69939000000.0,,14.137477
MTD,Healthcare,0.022187208065656733,0.09427494174533266,,0.21202,0.28497,,1.075,1.405,3239999000.0,3872361000.0,864448000.0,36.236275
MGM,Consumer Cyclical,0.06658496785096542,-0.34637447687754996,0.10293,0.00403,0.051620003,913.283,1.235,1.491,42231627000.0,17240545000.0,1211906000.0,162.75
MU,Technology,0.48851101111066864,9.975578406169666,0.17198999,0.22845,0.32638,28.343,2.518,1.552,82798000000.0,37378000000.0,1668000000.0,27.321474
MSFT,Technology,0.1493215623240672,0.15539620586366523,0.32241002,0.35707,0.48873,33.154,1.401,1.065,619003000000.0,281724000000.0,71611000000.0,33.55508
MAA,Real Estate,0.01980341340899655,-0.04569957634323795,0.09408,0.25233,0.27229,87.122,0.04,0.776,11812369000.0,2191015000.0,775920000.0,28.307205
MHK,Consumer Cyclical,-0.02678018158795161,2.177929465301479,0.051999997,0.03927,0.06664,28.031,2.246,1.239,12778600000.0,10836900000.0,679500000.0,16.358631
MOH,Healthcare,0.1930617515848791,0.08065994500458296,0.19708,0.020610001,0.01249,91.911,1.678,0.513,15630000000.0,40650000000.0,544000000.0,8.716749
MDLZ,Consumer Defensive,0.011800310972900933,-0.07017543859649122,0.13101,0.0938,0.10837,83.621,0.611,0.397,68497000000.0,36441000000.0,3523000000.0,21.348314
MPWR,Technology,0.21197843907324918,3.1806473954896646,0.64029,0.7122,0.26477,0.528,4.771,1.464,3617097000.0,2207100000.0,642292000.0,22.373684
MNST,Consumer Defensive,0.04939505130722895,-0.07476449857387056,0.25538,0.21654,0.30738002,0.779,3.185,0.488,7719089000.0,7492709000.0,1622099000.0,40.93182
MCO,Financial Services,0.19810682893847195,0.2806471686372122,0.54914004,0.29916,0.46886003,181.347,1.84,1.455,15505000000.0,7088000000.0,2521000000.0,38.619164
MS,Financial Services,0.1372490970454142,0.47353361945636624,0.15135,0.23606001,0.38872,420.553,2.266,1.217,1215071000000.0,57621000000.0,-2100000000.0,16.23922
MOS,Basic Materials,-0.18788560247077635,-0.8498583569405099,0.101169996,0.10334,0.11958,37.134,1.141,0.937,22924000000.0,11122800000.0,47400000.0,6.261658
MSI,Technology,0.08408498697133694,-0.07723815096547688,1.1517,0.18704,0.26554,423.891,1.027,0.988,14595000000.0,10817000000.0,2134000000.0,29.590216
MSCI,Financial Services,0.12938645746010155,-0.03435858860239319,,0.40032002,0.56425,,0.882,1.313,5445439000.0,2856128000.0,1386509000.0,35.591515
NDAQ,Financial Services,0.22031662269129287,0.05476864966949953,0.14054,0.19895001,0.31614,79.867,0.986,1.03,30395000000.0,7400000000.0,1732000000.0,31.307144
NTAP,Technology,0.048500319081046586,0.2028397565922921,1.23004,0.17768998,0.19949,281.538,1.313,1.41,10823000000.0,6572000000.0,1338000000.0,18.99115
NFLX,Communication Services,0.15649919994477407,0.6108814920145932,0.42861,0.24047,0.28219998,65.822,1.332,1.703,53630374000.0,39000966000.0,6921826000.0,43.462498
NEM,Basic Materials,0.5816119200812733,2.342421812349639,0.22875999,0.33423,0.4685,16.914,2.039,0.441,56349000000.0,18682000000.0,2961000000.0,12.9844475
NWSA,Communication Services,0.024236548715462918,3.43609022556391,0.070250005,0.138,0.10448,31.439,1.763,0.97,15504000000.0,8452000000.0,571000000.0,30.951809
NWS,Communication Services,0.024236548715462918,3.43609022556391,0.070250005,0.138,0.10448,31.439,1.763,0.97,15504000000.0,8452000000.0,571000000.0,34.93976
NEE,Utilities,-0.11954897915629224,-0.04979480164158687,0.08236,0.24729,0.30768,144.161,0.553,0.738,190144000000.0,24753000000.0,4746000000.0,26.501587
NKE,Consumer Cyclical,-0.09838012538452552,-0.43526315789473685,0.21122,0.062340003,0.0791,82.128,2.19,1.293,36579000000.0,46309000000.0,3268000000.0,32.205128
NI,Utilities,-0.009136484179169542,0.06453870922581548,0.09073,0.14155,0.22873,140.579,0.523,0.63,31788100000.0,5455100000.0,-861500000.0,22.515789
NDSN,Industrials,0.0233159301111757,-0.04145495422498374,0.15594,0.16341999,0.26538,74.482,1.694,1.019,6000966000.0,2689921000.0,491783000.0,29.331657
NSC,Industrials,-0.0027147087857847976,0.4351395730706076,0.2048,0.24219,0.36578,116.353,0.862,1.322,43682000000.0,12123000000.0,1671000000.0,21.83753
NTRS,Financial Services,0.22394626116483354,0.8342815858394292,0.13432,0.21761,0.30332002,,,1.282,155508400000.0,8290400000.0,-1231500000.0,14.817017
NOC,Industrials,0.04436243318910664,1.0301556420233462,0.26152,0.09819999,0.13221,109.401,1.109,0.044,49359000000.0,41033000000.0,2621000000.0,20.406914
NCLH,Consumer Cyclical,0.10874096658636966,4.477602330031653,0.39870998,0.06846,0.25507998,699.717,0.195,2.101,19969811000.0,9479651000.0,838871000.0,13.093526
NRG,Utilities,-0.024043298754466917,6.569306930693069,0.64186996,0.04839,0.05527,615.076,1.053,1.25,24022000000.0,28130000000.0,1816000000.0,23.796711
NUE,Basic Materials,-0.11465114939217606,-0.5520441988950276,0.09014,0.05185,0.10421,31.248,2.774,1.867,33940000000.0,30734000000.0,806000000.0,21.427567
NVDA,Technology,1.1420340763599357,1.4489247311827957,1.07359,0.53007,0.63168997,8.815,4.468,2.269,111601000000.0,130497000000.0,60853000000.0,44.27723
NVR,Consumer Cyclical,0.10578854142927097,0.05674564953371144,0.348,0.13545,0.17104,27.023,6.389,1.009,6380988000.0,10543571000.0,1345250000.0,16.233812
NXPI,Technology,-0.049864416993070204,-0.1026099392205935,0.20872,0.17111,0.28238,117.34,2.375,1.463,24385000000.0,12614000000.0,1906000000.0,23.652658
ORLY,Consumer Cyclical,0.056679409951145475,0.01708826586425101,,0.14225,0.20742,,0.757,0.621,14893741000.0,16708479000.0,2026189000.0,34.871525
OXY,Energy,-0.05421665428035531,-0.3492333901192504,0.05955,0.08169,0.17723,62.221,0.935,0.392,85445000000.0,26725000000.0,4421000000.0,30.470587
ODFL,Industrials,-0.008752245083318674,-0.04310521483628102,0.25059,0.18967,0.25655,1.994,1.204,1.271,5491395000.0,5814810000.0,887965000.0,27.01811
OMC,Communication Services,0.06785232980765304,0.06410809256863591,0.27007,0.08307,0.15593,128.056,0.924,0.757,29620700000.0,15689100000.0,1592900000.0,11.042773
ON,Technology,-0.1418514479583182,-0.2797545450382379,0.03891,0.051570002,0.18505,45.833,5.231,1.571,14089800000.0,7082300000.0,1212400000.0,63.972603
OKE,Energy,0.22747072467047577,0.1414065438134637,0.17847,0.105790004,0.18160999,152.218,0.904,0.935,64069000000.0,21698000000.0,2867000000.0,12.965074
ORCL,Technology,0.08379751137629576,0.18878379669437279,0.69241995,0.21079999,0.31381,452.534,0.618,1.636,168361000000.0,57399000000.0,-394000000.0,46.11601
OTIS,Industrials,0.0036596523330283625,0.16998577524893316,,0.09413,0.16992001,,0.936,1.004,11316000000.0,14261000000.0,1437000000.0,25.9764
PCAR,Industrials,-0.0416654805080934,-0.09537471744044514,0.14151,0.091120005,0.099209994,82.453,5.69,1.023,43418900000.0,33663800000.0,2895300000.0,20.194118
PKG,Consumer Cyclical,0.07445145083564031,0.052143230527966544,0.19811001,0.10185,0.15683,91.618,3.158,0.906,8833200000.0,8383300000.0,521500000.0,19.930304
PLTR,Technology,0.2878613688375613,1.2027403788871678,0.19504,0.28114,0.33296,3.52,6.427,1.477,6340884000.0,2865507000.0,1141231000.0,360.1163
PANW,Technology,0.1487387106820305,-0.5600946617008069,0.15324001,0.11687,0.12005,4.951,0.985,0.772,23576200000.0,9221500000.0,3469800000.0,116.49681
PSKY,Communication Services,-0.014805072170511264,-9.180921052631579,0.01279,-0.00947,0.10012,111.017,1.336,1.184,46172000000.0,29213000000.0,489000000.0,529.6667
PH,Industrials,-0.004014049172102358,0.24156118143459915,0.27294,0.18178,0.21086,74.953,1.066,1.255,29494000000.0,19850000000.0,3341000000.0,29.941868
PAYX,Technology,0.055586078851145256,-0.01958116422148604,0.41266,0.27855,0.36727002,126.47,1.268,0.894,16564100000.0,5571700000.0,1709100000.0,24.991032
PAYC,Technology,0.11188522170396174,0.47300469483568075,0.28557,0.22645001,0.22826,4.943,1.223,0.83,5859900000.0,1883200000.0,336600000.0,20.166666
PYPL,Financial Services,0.06805280306338383,-0.023316062176165803,0.24358,0.14963001,0.19198999,60.239,1.34,1.433,81611000000.0,31797000000.0,6767000000.0,12.16265
PNR,Industrials,-0.005286880253380436,0.004335956319254858,0.17966999,0.15844,0.23982,44.76,1.462,1.207,6446500000.0,4082800000.0,692300000.0,26.664122
PEP,Consumer Defensive,0.004187119414896525,0.055543310557637206,0.37162,0.078200005,0.16903,260.19,0.912,0.423,99467000000.0,91854000000.0,7189000000.0,27.872381
PFE,Healthcare,0.06839171172381368,2.789995280792827,0.105979994,0.15654999,0.35277,66.531,1.282,0.425,213396000000.0,63627000000.0,9835000000.0,14.55814
PCG,Utilities,-0.000368429670869494,0.11347517730496454,0.0876,0.10492,0.21312,185.52,0.941,0.372,133660000000.0,24419000000.0,-2334000000.0,13.168067
PM,Consumer Defensive,0.076874964462387,-0.09676180724433636,,0.21574,0.40747002,,0.848,0.444,61784000000.0,37878000000.0,10773000000.0,22.177143
PSX,Energy,-0.028806165577785467,-0.6982181040627228,0.056199998,0.011410001,0.04395,77.483,1.227,0.916,72582000000.0,143153000000.0,2332000000.0,36.14054
PNW,Utilities,0.09133833518846182,0.21383212675727784,0.087749995,0.11198,0.32109,197.565,0.675,0.534,26102760000.0,5124915000.0,-639372000.0,18.381443
PNC,Financial Services,-0.03254451624901204,0.05575475080674077,0.11486,0.29937,0.39788,,,1.017,560038000000.0,20809000000.0,,12.079458
POOL,Industrials,-0.04162014726806993,-0.16991412937738543,0.29307,0.07784,0.122650005,100.725,2.57,1.222,3368184000.0,5310953000.0,599710000.0,21.876024
PPG,Basic Materials,-0.024442802610515946,-0.12125984251968504,0.1616,0.06348,0.1416,99.56,1.465,1.161,19433000000.0,15845000000.0,699000000.0,17.656528
PPL,Utilities,0.018046198267564966,0.2,0.076620005,0.12162,0.26619,132.089,0.774,0.704,41069000000.0,8462000000.0,-465000000.0,24.571428
PFG,Financial Services,0.18015044856503096,1.5208600770218228,0.13767,0.099580005,0.06856,34.137,1.557,0.895,313663600000.0,16127700000.0,4534100000.0,12.359238
PG,Consumer Defensive,0.0029153131284284676,0.07359365548759997,0.31902,0.19739,0.2758,67.125,0.714,0.381,125231000000.0,84284000000.0,14044000000.0,22.032116
PGR,Financial Services,0.2135850393827618,1.172687676146554,0.34223998,0.12579,0.15079,19.455,0.297,0.373,105745000000.0,75343000000.0,14834000000.0,12.453897
PLD,Real Estate,0.022202491216704395,0.21980188375183954,0.05963,0.35243,0.42720002,62.789,0.767,1.411,95328909000.0,8201610000.0,,36.67347
PRU,Financial Services,0.30240486501428177,0.09606109324758842,0.085,0.04538,0.09917,148.723,0.841,0.97,735587000000.0,70675000000.0,,14.623287
PEG,Utilities,-0.08427516240989588,-0.30862270776433864,0.12579,0.17768,0.2703,138.209,0.934,0.607,54640000000.0,10290000000.0,-1247000000.0,19.536058
PTC,Technology,,,0.2085,0.26795998,0.50643003,35.802,1.118,1.019,6383542000.0,,731616000.0,28.032574
PSA,Real Estate,0.03938428710247936,-0.03552345615914151,0.19933,0.39453998,0.46947,106.758,0.269,0.985,19754934000.0,4695616000.0,2708231000.0,28.015594
PHM,Consumer Cyclical,0.11738398306816429,0.184789107783207,0.21569,0.14926,0.17336,16.939,6.449,1.319,17363763000.0,17946950000.0,1562249000.0,9.283951
PWR,Industrials,0.13363477977374613,0.21503607546237422,0.13369,0.03744,0.07105,71.612,1.344,1.143,18683894000.0,23672795000.0,1477118000.0,63.725925
QCOM,Technology,0.1365946306657769,-0.4536580556103333,0.2334,0.12512,0.26235,73.767,2.816,1.208,50143000000.0,44284000000.0,12820000000.0,32.59481
DGX,Healthcare,0.06701253782965845,0.01990632318501171,0.14353,0.08931,0.14915,86.524,1.128,0.623,16153000000.0,9872000000.0,909000000.0,22.47356
RL,Consumer Cyclical,0.0674970594444612,0.1494661921708185,0.34005,0.112840004,0.14074999,111.231,2.04,1.548,7047300000.0,7079000000.0,1018900000.0,25.120474
RJF,Financial Services,,,0.17844999,0.1522,0.20425,36.906,,1.006,82992000000.0,,1950000000.0,14.853398
RTX,Industrials,0.17147417295414974,0.49420970266040687,0.10702,0.07666,0.12399,61.315,1.073,0.431,162861000000.0,80738000000.0,3923000000.0,34.84189
O,Real Estate,0.29226551749414625,-0.013225817915440514,0.02488,0.17135,0.44514,73.977,1.362,0.809,68835039000.0,5271142000.0,,52.962612
REG,Real Estate,0.09938856651135076,0.09828641337294305,0.0602,0.26093,0.39363,73.101,0.88,0.943,12391961000.0,1453904000.0,,32.509174
REGN,Healthcare,0.08270057634251213,0.11609672197490895,0.15188,0.32131,0.29563,8.739,4.063,0.386,37759400000.0,14202000000.0,3538900000.0,18.114067
RF,Financial Services,-0.06507391763463569,-0.08727097396335583,0.11401,0.31044,0.46976003,,,1.054,157302000000.0,7083000000.0,1452000000.0,10.973568
RSG,Industrials,0.07129969929836284,0.18024263431542462,0.18249,0.12768,0.19919,113.763,0.583,0.553,32402000000.0,16032000000.0,2081000000.0,32.589287
RMD,Healthcare,0.09839931171919304,0.37197867478458807,0.25413,0.2735,0.34618,13.826,2.888,0.87,8174391000.0,5146327000.0,1650946000.0,25.63906
RVTY,Healthcare,0.0016196636989192425,-0.6098869705985047,0.0304,0.08441,0.13788,45.676,1.753,1.073,12392478000.0,2755026000.0,541651000.0,50.654636
ROK,Industrials,0.009438528557599225,-0.08814270724029381,0.20282,0.104169995,0.19732,98.275,1.135,1.507,11219000000.0,8342000000.0,1358000000.0,49.249676
ROL,Consumer Cyclical,0.10263633813797515,0.07224162388465986,0.36208,0.14019,0.22037001,59.534,0.773,0.791,2819695000.0,3388708000.0,580081000.0,56.364483
ROP,Technology,0.13943475023471139,0.11927467129027597,0.081549995,0.20337,0.28401,47.288,0.577,0.939,31334700000.0,7039200000.0,2282200000.0,30.582357
ROST,Consumer Cyclical,0.036918102673016526,0.11534152743102234,0.37425,0.0947,0.11578,88.181,1.52,1.048,14905332000.0,21129219000.0,1636884000.0,27.1875
RCL,Consumer Cyclical,0.18597122302158273,0.6953447259870359,0.46677,0.23318,0.33139,203.878,0.165,1.906,37070000000.0,16485000000.0,1997000000.0,17.75992
SPGI,Financial Services,0.13691285908618067,0.4668697638994669,0.119940005,0.28091,0.44316003,31.784,0.974,1.191,60221000000.0,14208000000.0,5565000000.0,35.846043
CRM,Technology,0.08715609490202829,0.4983075435203095,0.11201999,0.16868,0.22820999,19.255,1.124,1.243,102928000000.0,37895000000.0,12434000000.0,33.010174
SBAC,Real Estate,-0.011782780839538808,0.49365897985699825,,0.30724,0.53851,,0.504,0.863,11417336000.0,2679634000.0,1106717000.0,24.5
SLB,Energy,0.09518635883506865,0.06138472519628837,0.15182,0.10341,0.15479,47.459,1.387,0.732,48935000000.0,36289000000.0,4473000000.0,14.081712
STX,Technology,0.38864295527400394,3.3850746268656717,,0.17922,0.26892,,0.979,1.62,8023000000.0,9097000000.0,818000000.0,30.486523
SRE,Utilities,-0.21142344497607657,-0.06926829268292684,0.0677,0.15754,0.14503,81.287,1.587,0.735,96155000000.0,13185000000.0,-3308000000.0,28.461538
NOW,Technology,0.22438970014491139,-0.17677642980935876,0.16813,0.13665,0.16789,21.255,1.063,0.961,20383000000.0,10984000000.0,3375000000.0,98.00361
SHW,Basic Materials,0.0020215253406443722,0.12248827863362358,0.59939,0.110489994,0.18197,325.153,0.822,1.242,23632600000.0,23098500000.0,2083200000.0,32.883904
SPG,Real Estate,0.053891294958892604,0.038442906786572445,0.82455003,0.36498,0.50757,884.863,0.592,1.399,32405691000.0,5963798000.0,3059071000.0,26.6492
SWKS,Technology,-0.02180469123982767,-0.199496644295302,0.0789,0.116739996,0.10235,20.898,2.325,1.296,7917000000.0,4086900000.0,1075900000.0,20.327923
SW,Consumer Cyclical,0.7455552799139998,-0.6133333333333333,0.04099,0.02402,0.07672,76.445,1.482,1.005,43759000000.0,21109000000.0,17000000.0,23.136986
SNA,Industrials,1.957598418260478e-05,0.03243991692216398,0.18330999,0.19827999,0.25257,22.27,4.399,0.777,7896800000.0,5108400000.0,1134000000.0,17.632545
SOLV,Healthcare,0.006953763572038551,-0.6441307578008916,0.37271,0.18139,0.07824,103.028,1.5,,14457000000.0,8254000000.0,805000000.0,9.517796
SO,Utilities,0.05825050489050806,0.1068913480885312,0.11429,0.15422,0.36558998,192.679,0.755,0.44,145180000000.0,26724000000.0,833000000.0,22.206467
LUV,Industrials,0.05335173048177533,0.0,0.04168,0.0137600005,0.00504,67.618,0.491,1.182,33750000000.0,27483000000.0,-1618000000.0,52.06349
SWK,Industrials,-0.026322626432884907,1.9478260869565218,0.04918,0.02892,0.09042,78.538,1.109,1.204,21848900000.0,15365700000.0,753000000.0,22.810345
SBUX,Consumer Cyclical,0.027869151541621288,-0.5063947459384722,,0.04992,0.10976,,0.723,0.984,32019700000.0,37184400000.0,2442000000.0,52.36196
STT,Financial Services,0.08154039347007117,0.382201646090535,0.111499995,0.21877001,0.32749,,,1.456,353240000000.0,12919000000.0,-14136000000.0,12.140127
STLD,Basic Materials,-0.06676801815941802,-0.3728241506527038,0.12550999,0.0639,0.10516,42.166,3.107,1.477,14935233000.0,17540390000.0,-23503000.0,20.920635
STE,Healthcare,0.06243095288089344,0.6250069400564193,0.101339996,0.12073,0.18372999,29.314,2.37,1.026,10146811000.0,5459515000.0,777996000.0,37.72063
SYK,Healthcare,0.10230266367450483,-0.054344391785150076,0.14036,0.12071,0.22272,78.646,1.849,0.899,42971000000.0,22595000000.0,3487000000.0,48.329395
SMCI,Technology,0.4658532304249225,-0.09006251594130477,0.12787,0.03766,0.03632,79.184,5.394,1.478,14018429000.0,21972042000.0,1532310000.0,25.346457
SYF,Financial Services,0.18331254127834445,0.563449508489723,0.21636999,0.37066,0.53381,,,1.455,119463000000.0,16125000000.0,,8.182018
SNPS,Technology,0.15220381142283568,0.8403139147629702,0.065019995,0.31042,0.095,54.828,1.625,1.146,13073561000.0,6127436000.0,1283868000.0,52.33962
SYY,Consumer Defensive,0.032037948353711126,-0.0649616368286445,0.8346,0.02211,0.041750003,690.715,1.148,0.623,26774000000.0,81370000000.0,1604000000.0,20.544235
TMUS,Communication Services,0.03617709208482904,0.36335217025369726,0.19034,0.13826999,0.2223,200.622,0.893,0.435,208035000000.0,81400000000.0,9982000000.0,20.161694
TROW,Financial Services,0.09799551118334494,0.1740929166433723,0.1867,0.28892002,0.35474,4.09,3.81,1.54,13472000000.0,7093600000.0,1262200000.0,10.9389305
TPR,Consumer Cyclical,0.05089039453171843,-0.7754901960784314,0.16053,0.03765,0.21213,1051.139,1.525,1.664,6580500000.0,7010700000.0,1093900000.0,80.95385
TRGP,Energy,0.019999626407974945,-0.025187606805854818,0.4985,0.09949,0.2016,615.121,0.773,0.902,22734100000.0,16381500000.0,683900000.0,22.983826
TGT,Consumer Defensive,-0.007876214948050497,-0.011358144030932818,0.25094998,0.03576,0.03751,131.753,0.975,1.125,57769000000.0,106566000000.0,4476000000.0,10.620606
TEL,Technology,0.08942884190596402,-0.4231130598183526,0.14618,0.106709994,0.19773,50.102,1.556,1.239,25081000000.0,17262000000.0,3203000000.0,35.598373
TDY,Technology,0.006121905775885015,-0.07508185615897031,0.08127,0.13616,0.18545,23.989,1.787,1.026,14200500000.0,5670000000.0,1108200000.0,28.654892
TER,Technology,0.05364948148524566,0.20862302563554033,0.15767999,0.15495,0.18892,9.89,1.759,1.848,3708714000.0,2819880000.0,474081000.0,57.785458
TSLA,Consumer Cyclical,0.009475783534663594,-0.5246349756650444,0.06791,0.05314,0.06628,17.082,2.066,1.872,122070000000.0,97690000000.0,3581000000.0,269.71722
TXN,Technology,-0.10719789942348308,-0.262826420890937,0.29757,0.29208001,0.36736,84.477,4.45,0.994,35509000000.0,15641000000.0,1498000000.0,29.08759
TPL,Energy,0.11752467958106065,0.11910660799467515,0.3937,0.61676997,0.73521006,1.292,10.857,0.954,1248020000.0,705823000.0,65399000.0,43.28489
TXT,Industrials,0.0013885843747716143,-0.10532030401737243,0.11465,0.05809,0.09495,55.332,1.838,1.016,16838000000.0,13702000000.0,650000000.0,17.7965
TMO,Healthcare,0.0005133350444501482,0.0567139282735613,0.13116999,0.15022,0.19277,69.75,1.498,0.906,97321000000.0,42879000000.0,7267000000.0,33.899593
TJX,Consumer Cyclical,0.039526347824483096,0.08717031738936075,0.58396,0.086789995,0.12489,140.977,1.094,0.769,31749000000.0,56360000000.0,4198000000.0,33.428253
TKO,Communication Services,0.6742654188020308,-0.9548074706017985,0.08129,0.08989,0.15632,42.785,1.456,0.254,12699936000.0,2804341000.0,508461000.0,68.00382
TTD,Communication Services,0.25625912071198076,1.1966916284788198,0.16783,0.15717,0.21802999,14.456,1.71,1.05,6111951000.0,2444831000.0,632394000.0,45.05682
TSCO,Consumer Cyclical,0.022499026329198906,-0.0054063036814525674,0.45459,0.07176,0.09215,222.382,1.301,0.72,9805485000.0,14883231000.0,636788000.0,25.565218
TT,Industrials,0.12222247363895551,0.26878798359602746,0.3721,0.13926,0.20219,55.305,1.205,1.187,20146700000.0,19838200000.0,2775000000.0,31.353212
TDG,Industrials,0.11221662468513854,0.2100350058343057,,0.23485,0.47764,,3.214,0.923,22909000000.0,8831000000.0,1816000000.0,42.02183
TRV,Financial Services,0.12218113262272497,0.6713473754597125,0.19809,0.121350005,0.19687,29.318,0.338,0.549,133189000000.0,46428000000.0,,11.415585
TRMB,Technology,-0.030378813804722668,3.832637327336974,0.06131,0.099309996,0.18364,24.038,1.004,1.604,9488300000.0,3683300000.0,497800000.0,52.760273
TFC,Financial Services,-0.33682948756368,5.416131989000917,0.07982,0.28605,0.39318,,,0.886,531176000000.0,13278000000.0,,12.193029
TYL,Technology,0.09532568447512003,0.5852675100500847,0.091680005,0.13719,0.16434999,17.86,1.028,0.911,5180015000.0,2137803000.0,574697000.0,65.75382
TSN,Consumer Defensive,0.021234688326548987,-0.4075,0.0276,0.00871,-0.0049799997,53.19,1.552,0.476,36658000000.0,54441000000.0,1177000000.0,40.353382
USB,Financial Services,-0.02420304858458573,0.16025050653895745,0.1172,0.27632,0.39486,,,1.115,678318000000.0,27335000000.0,,10.933639
UBER,Technology,0.17963573938467317,4.223105458399576,0.72994006,0.33542,0.082650006,45.755,1.154,1.183,51244000000.0,43978000000.0,6895000000.0,10.79408
UDR,Real Estate,0.027244837330361087,-0.7983922692093899,0.03649,0.08595,0.20661,144.858,0.159,0.717,10897586000.0,1671842000.0,605161000.0,80.88637
ULTA,Consumer Cyclical,0.007883341781693597,-0.06962560175986925,0.48521,0.10308,0.12367,87.863,1.395,0.869,6001693000.0,11295654000.0,964147000.0,19.79954
UNP,Industrials,0.005431402628633028,0.05768929299263208,0.41619,0.2873,0.41030997,189.829,0.748,1.001,67715000000.0,24250000000.0,5894000000.0,19.187447
UAL,Industrials,0.06228940558854739,0.20282658517952637,0.25588,0.05643,0.0888,218.897,0.667,1.312,74083000000.0,57063000000.0,3830000000.0,9.238477
UPS,Industrials,0.001231337540403263,-0.13804412641621944,0.33618,0.061490003,0.10175,184.32,1.305,1.096,70070000000.0,91070000000.0,6213000000.0,14.630604
URI,Industrials,0.07068099358079821,0.06229372937293729,0.28781,0.15826,0.26484,169.022,0.898,1.671,28163000000.0,15345000000.0,419000000.0,20.618557
UNH,Healthcare,0.07711061239646738,-0.35637370984317057,0.17476,0.04042,0.03813,75.734,0.823,0.429,298278000000.0,400278000000.0,20705000000.0,16.665104
UHS,Healthcare,0.10824545567083994,0.591118634150419,0.20028,0.08093,0.11605,70.037,1.031,1.285,14469749000.0,15827935000.0,1123291000.0,11.038553
VLO,Energy,-0.10282110440296754,-0.6864742501414828,0.052389998,0.01283,0.05527,39.561,1.596,0.761,60143000000.0,129881000000.0,5776000000.0,36.135414
VTR,Real Estate,0.09481000492015366,2.9806457911307445,0.021559998,0.042930003,0.15584,100.11,0.524,0.802,26186906000.0,4924266000.0,725779000.0,149.50945
VLTO,Industrials,0.03425612427803226,-0.007151370679380214,0.37978,0.16746001,0.23219,100.772,1.568,1.131,6406000000.0,5193000000.0,820000000.0,27.11781
VRSN,Technology,0.04306476458375193,-0.03901663405088063,,0.49855998,0.67836,,0.527,0.783,1406500000.0,1557400000.0,874500000.0,29.337223
VRSK,Industrials,0.07469978369508466,0.5584309895833334,2.68133,0.30418,0.45529,1295.046,1.193,0.817,4264700000.0,2881700000.0,920100000.0,34.38521
VZ,Communication Services,0.006075805753355128,0.5073187532288618,0.19875,0.14428,0.23932,164.799,0.739,0.324,384711000000.0,134788000000.0,18922000000.0,8.791044
VRTX,Healthcare,0.11661532849673732,-1.1479721516189634,0.22307,0.31349,0.40268,10.594,2.362,0.322,22533200000.0,11020100000.0,-978000000.0,30.032372
VICI,Real Estate,0.06567491364866107,0.06575188777580623,0.10357001,0.70175004,0.97673,62.925,37.05,0.711,45368940000.0,3849205000.0,2373972000.0,10.958175
V,Financial Services,0.1133997661860491,0.015955022033125665,0.52068,0.50145,0.6575,68.807,1.078,0.82,99627000000.0,40000000000.0,21577000000.0,32.154903
VST,Utilities,0.16543744502334393,0.7809778968519759,0.1731,0.06701,0.21042,335.784,0.995,1.39,37770000000.0,17224000000.0,2485000000.0,60.643883
VMC,Basic Materials,-0.04680090980351842,-0.022824689241320188,0.13520999,0.14189,0.23622,56.296,2.231,1.066,17104800000.0,7417700000.0,806100000.0,34.022457
WRB,Financial Services,0.13045750692812624,0.2712951520929751,0.20887,0.13007,0.17723,31.481,0.399,0.381,40567268000.0,13691128000.0,3572745000.0,16.407562
GWW,Industrials,0.04187401383663066,0.04373974849644614,0.46719003,0.09746,0.15180999,68.67,2.717,1.112,8829000000.0,17168000000.0,1570000000.0,26.6634
WAB,Industrials,0.07336984602666116,0.29570552147239265,0.11147001,0.10941,0.18468,51.131,1.424,0.995,18702000000.0,10387000000.0,1627000000.0,29.059507
WMT,Consumer Defensive,0.05070009643201543,0.2530462252594933,0.23661,0.03259,0.0373,66.747,0.803,0.649,260823000000.0,680985000000.0,12660000000.0,36.825176
DIS,Communication Services,0.03353728615054564,1.4947707160096542,0.12203,0.13136,0.11868,39.632,0.71,1.491,197514000000.0,94425000000.0,10077000000.0,15.223358
WBD,Communication Services,-0.04840153916894557,-2.6183621241202815,0.00969,0.01281,0.087340005,89.857,1.074,1.615,104560000000.0,39321000000.0,4427000000.0,121.94737
WM,Industrials,0.08014295505727993,0.1918402777777778,0.29328,0.10345,0.18872999,245.399,0.843,0.594,44567000000.0,22063000000.0,2159000000.0,34.113384
WAT,Healthcare,0.0006666856085205871,-0.006851085429921182,0.32987,0.20891,0.27392998,66.042,1.534,1.178,4553795000.0,2958387000.0,619642000.0,36.24563
WEC,Utilities,-0.03295850669065557,0.14667266861730063,0.12807,0.17748,0.22163,151.448,0.498,0.556,47363200000.0,8599900000.0,430700000.0,21.049242
WFC,Financial Services,-0.0036442001525479133,0.030299864173022672,0.115200005,0.26629,0.33717,,,1.106,1929845000000.0,82296000000.0,,13.691927
WELL,Real Estate,0.21230903930409398,1.7982851799796526,0.0275,0.09693,0.19906001,46.211,6.991,0.853,51044308000.0,7853618000.0,2198306000.0,136.93835
WST,Healthcare,-0.019187741541799443,-0.16970003370407818,0.16945,0.16293,0.21849,9.93,2.87,1.165,3643400000.0,2893200000.0,276400000.0,40.15852
WDC,Technology,0.5070444831407314,3.3320802005012533,0.29707,0.25459,0.15403,,1.213,1.893,14002000000.0,9520000000.0,1279000000.0,19.604225
WY,Real Estate,-0.07167057597081053,-0.5280095351609059,0.03419,0.0468,0.02854,58.233,1.227,1.086,16536000000.0,7124000000.0,592000000.0,47.347828
WSM,Consumer Cyclical,-0.00504615611693055,0.18477155329440428,0.56918997,0.14297,0.16950001,70.88,1.427,1.539,5301607000.0,7711541000.0,1138655000.0,20.03716
WMB,Energy,-0.037040432749610344,-0.30009436929852157,0.16902,0.20462999,0.39554,188.338,0.422,0.641,54532000000.0,10503000000.0,2296000000.0,30.886011
WTW,Financial Services,0.04713698196773173,-1.0928909952606636,0.27633,0.21576001,0.18881,75.685,1.104,0.636,27681000000.0,9930000000.0,1267000000.0,15.081379
WDAY,Technology,0.1635211461633834,-0.6191165821868212,0.06656,0.06507,0.10604999,41.169,2.105,1.142,17977000000.0,8446000000.0,2189000000.0,105.205605
WYNN,Consumer Cyclical,0.09125434770327824,-0.31358613906415667,,0.07092,0.16931999,,1.757,1.099,12977963000.0,7127961000.0,1003659000.0,26.518845
XEL,Utilities,-0.05385048571026327,0.09316770186335403,0.09449001,0.13459,0.26615998,167.891,0.795,0.454,70035000000.0,13441000000.0,-2723000000.0,24.289635
XYL,Industrials,0.16268332428028245,0.4614121510673235,0.08555,0.10659,0.15653,18.253,1.957,1.168,16493000000.0,8562000000.0,942000000.0,36.276485
YUM,Consumer Cyclical,0.06684567552289429,-0.06950532247964934,,0.17951,0.34410998,,1.694,0.678,6727000000.0,7549000000.0,1432000000.0,29.878906
ZBRA,Technology,0.08660558464223386,0.7837837837837838,0.14286,0.09743,0.14621,62.984,1.607,1.671,7968000000.0,4981000000.0,954000000.0,24.289314
ZBH,Healthcare,0.0384625787779611,-0.1173828125,0.06421,0.100530006,0.17003,64.523,2.428,0.61,21365300000.0,7678600000.0,1142600000.0,22.873447
ZTS,Healthcare,0.08333333333333333,0.060580204778156996,0.49868,0.28211,0.39333,135.05,3.643,0.962,14237000000.0,9256000000.0,2298000000.0,20.54882
